6098,08051963900,0.0012087582641128766,0.20757692679693926
6098,08051963700,0.0007853488800846477,0.27147517322326453
6098,08051963600,0.00032680379594863775,0.5514229426485195
6098,08051963800,0.0003345473267211989,0.6113251633730001
6098,08021974900,0.0005032010564039919,0.11158877080015253
6098,08071000800,0.0014572810812299134,0.2154015469851853
6098,08071000200,0.004919295987499786,0.11257252748599175
6098,08071000500,0.00040868983950009656,1.0
6098,08037000703,0.00028948798454712466,0.1669017966924642
6098,08071000400,0.0004248535865000085,1.0
6098,08037000702,0.00020656332699995955,1.0
6098,08037000301,0.0006025607119257226,0.18494543819312598
6098,08037000502,0.0005766638913095082,0.2003494947371215
6098,08037000501,0.0015449047122971923,0.6151115672828932
6098,08037000402,0.0019919464171219404,0.18612507990727076
6698,09001030300,0.00025154600200003285,1.0
6998,10001043202,0.00012849187172656718,0.9989237274620364
6998,10001043400,0.007108576316128714,0.9975616498456708
6998,10001040501,0.00016934999792095034,0.9979455810631378
6698,09001035300,9.47774894999881e-05,1.0
6698,09001011000,0.0007485733059998829,1.0
6698,09001030100,0.0002846376284999338,1.0
6998,10001040201,8.900231520895632e-05,0.9951164389161883
6998,10001041701,0.00013719844462217932,0.9999993777057194
6698,09001030200,0.0002935416525000035,1.0
6998,10001040202,0.0002727088450000142,1.0
6998,10001040502,0.0007060575737423637,0.9874983832324244
6698,09001105100,0.0002118257355000956,1.0
6998,10001040203,0.00041633253999987527,1.0
6698,09001030400,0.0004362735515000579,1.0
6698,09001105200,0.000790616757499953,1.0
6998,10001043100,0.00019595781427490152,0.9964685752148726
6698,09001060300,0.000186497944500016,1.0
6998,10001042500,0.0018417424646753348,0.9914784500671665
6698,09001030500,0.0007888236896425303,0.9999123520276956
6698,09001060100,0.00014764192010642207,0.9842224152837636
6698,09001060500,0.0011023746350000009,1.0
6998,10001040100,0.001999270346107713,0.997560268643863
6998,10001043000,0.00037812656399117435,0.9690532618188604
6698,09001060200,0.0012694480757342703,0.9954476803612676
6998,10001042900,0.001077748961221934,0.9946815291571471
6698,09001060400,0.0012103065837732923,0.9836946411022965
6698,09001230502,0.0011865052010000634,1.0
6698,09001045400,0.0013794824789998864,1.0
6998,10001042800,0.00010439701438214166,0.9936014933813235
6698,09001230501,0.00045625188150002057,1.0
6998,10001040900,0.00047732837162015355,0.9993860184170725
6998,10001042201,0.0002596357305075083,0.9999405722173009
7898,11001002301,0.000516514604499985,1.0
6698,09001045300,0.00160866209215113,0.9971881168717501
7898,11001002201,0.0024880373797341484,0.950287754872447
7898,11001002302,0.0031081046518707813,0.995293656665524
7898,11001002202,0.0005721247369999716,1.0
7898,11001002502,0.0008780747132349284,0.8078292558526683
7898,11001002701,0.0007802607105137083,0.989933468285742
7898,11001002400,0.0005709428440000272,1.0
7898,11001002702,0.000538836378040538,0.913846185178094
7898,11001002501,0.0011214367170000144,1.0
6998,10001040700,0.00042649064608519133,0.994452883312107
6698,09001210702,0.0003704382420001363,1.0
7898,11001002600,0.0021603135354677392,0.7897594891646582
6698,09001210701,0.000114760858500051,1.0
6998,10001041500,0.0005842724412526006,0.9920957368889141
7898,11001002801,0.0013420576840884667,0.9910805905655208
6698,09001060700,0.00014253301700000096,1.0
7898,11001003100,0.002422657720711742,0.9010822913063858
7898,11001002900,0.00045384644382274477,0.9804025125147363
6998,10001041900,0.0012695316369607968,0.9912072569924957
7898,11001002802,0.0011227898431617881,0.9347729045337055
6998,10001041400,0.0005181104970714127,0.9978921454379034
6698,09001060800,0.0005330531195093605,0.9986540908354639
6698,09001060900,0.0002491513078500246,0.9879524925303678
6698,09001061600,7.69757930000544e-05,1.0
6698,09001010101,0.00016657249699999954,1.0
7898,11001003000,0.00045534328150155105,0.9794718745923581
6698,09001061100,0.00020704886550001328,1.0
6698,09001257200,0.004031062035490827,0.9926522856313801
6698,09001061200,0.0002438939730450571,0.9935014500788937
7898,11001003301,0.000638827558398891,0.7905995012325742
6698,09001010102,0.00010004910199995409,1.0
6698,09001061400,0.00019266544599998137,1.0
6698,09001061500,0.003406053469570347,0.9992728923926578
6698,09001061300,0.001547097104081466,0.9909424897963865
7898,11001003500,0.00029906306291593377,0.9956004535502339
6698,09001010400,0.000495865062499882,1.0
6698,09001010500,0.0004237128165000103,1.0
7898,11001003700,0.00015159804899998047,1.0
6698,09001061000,0.0013337977428598896,0.9869165074524607
6698,09001010201,0.001345043477170253,0.9955112547098153
6698,09001010600,0.0006319153843441469,0.9979315404899889
6698,09001010300,0.0024213905963442767,0.998647535407669
7898,11001004100,8.5149133929687e-05,0.5481273868065902
7898,11001003600,0.0005419896163125327,0.5094429370284272
6998,10001041600,0.008076549595035619,0.996877461267353
7898,11001004002,0.00027176787600000573,1.0
7898,11001004201,0.00018642586555517302,0.4886784926465678
6698,09001010202,0.001825712688321875,0.9933879888566239
6698,09001010700,0.000823131426500103,1.0
7898,11001003302,0.0037561565437059896,0.6700827132506305
6698,09001011100,4.218072450001345e-05,1.0
5000,06083002103,0.0406795026560968,0.9996239027358216
7898,11001003900,0.0006009867034999754,1.0
6698,09001010800,0.002176240142704073,0.9988811666482402
5000,06083002102,0.005420178440499818,1.0
5000,06083002402,0.005049803096499975,1.0
5000,06083002007,0.01715010106500028,1.0
1000,01005950300,0.0008408025594999968,1.0
6698,09001011300,0.00013988724725233275,0.9898139058568715
5000,06083002010,0.005340354512500046,1.0
7898,11001004001,0.0006738048700348146,0.7044001282479614
6698,09001010900,0.00021126799810484748,0.9757824347160255
1000,01005950900,0.0069409035979999725,1.0
5000,06083002008,0.017895845576000203,1.0
1000,01005950700,0.0010913482715000197,1.0
1000,01005950400,0.0011168026510000244,1.0
7898,11001004400,0.0010049900807452012,0.9702898568692983
5000,06083002009,0.011439777379500046,1.0
5000,06011000300,0.00792420766050004,1.0
6698,09001100300,0.0006449751915001305,1.0
6698,09001110500,0.00024317783600005043,1.0
6698,09001035100,0.000597824112999857,1.0
7898,11001004600,0.0005450584057568944,0.7225611283625307
4402,05085020500,0.0005001260224999864,1.0
6698,09001011200,0.0001799981025000338,1.0
6698,09001100100,0.003091083883456559,0.9986973411168887
5000,06011000500,0.006629294526499997,1.0
1000,01005950100,0.0031051004109999905,1.0
4402,05085020104,0.0010350350564999793,1.0
5000,06103000800,0.0157114498825001,1.0
4402,05085020206,0.0010729364410000082,1.0
7898,11001004202,0.0006872798893471305,0.710180947715789
6698,09001035400,8.096662149996625e-05,1.0
1000,01027959000,0.0034050885534999908,1.0
1000,01005950200,0.0010198295464999823,1.0
5000,06011000400,0.058613305489999545,1.0
1000,01027959200,0.0035940685675000614,1.0
5000,06103000500,0.0034740380145001563,1.0
6698,09001100200,0.0009348344090409174,0.9919324955415249
1000,01027958900,0.0008068888269999881,1.0
5000,06103001000,0.0007309360279999487,1.0
6698,09001230100,0.00016052494800001128,1.0
4402,05085020700,0.006322652682507712,0.9979750860265929
4402,05085020103,0.0007375751129999804,1.0
6698,09001035200,0.00026999439749999783,1.0
5000,06103000300,0.0177922472226073,0.9976351222677493
5000,06103000900,0.012282895952500199,1.0
5000,06011000100,0.02395595101799989,1.0
5000,06011000200,0.0243286603840221,0.9989025570709932
1000,01027959100,0.013013774694047435,0.9999351401324674
4402,05085020102,0.0006914187555000174,1.0
6698,09001220100,0.0012508180986621391,0.9966141481668049
1000,01005950500,0.006360814356500027,1.0
5000,06103000600,0.053549860717112485,0.9993340725373144
1000,01005950600,0.03320821822755299,0.9316910544834728
4402,05085020204,0.0027365952140000474,1.0
1000,01091973300,0.01599229666359498,0.9991172029319769
1000,01091973000,0.007279339170000009,1.0
4402,05085020400,0.005061517285499962,1.0
7898,11001004300,0.002021114484137752,0.6970790338153326
5000,06103000100,0.01502804734799993,1.0
6698,09001220200,0.0030402590629996784,0.9986431404409297
5000,06103000200,0.07363908783351478,0.996791758014911
1000,01091973100,0.004211277470000004,1.0
1000,01069041100,0.0006262745445000228,1.0
4402,05085020600,0.0034520403060000855,1.0
5000,06103001100,0.059540996859999536,1.0
6698,09001230300,0.000412235895499971,1.0
4401,05085020205,0.0004188881354999555,1.0
1000,01091972900,0.00017219640249999652,1.0
4402,05085020301,0.0009914336930000067,1.0
5000,06103000400,0.04048250568942833,0.9991648546661224
4402,05085020201,0.014344318320656142,0.9998413930597655
5000,06083990000,0.00030641976500003033,1.0
1000,01091973400,0.0035605560650000443,1.0
1000,01091973200,0.015428904582628515,0.9997211732042786
4402,05085020302,0.0003183359814999524,1.0
1000,01069040301,0.0006335056219999914,1.0
5000,06103000700,0.10885349729060681,0.997852247753007
1000,01069040302,0.008658819593726556,0.9995519428313698
1000,01069041000,0.0003274604910000199,1.0
4402,05143011300,0.0008874749710000234,1.0
4402,05101180100,0.00030421020800003193,1.0
1000,01069041500,0.0007018799094999926,1.0
1000,01069040700,0.0003158992339999558,1.0
1000,01069040100,0.00024212898599998165,1.0
5000,06083003102,0.0002909263159999507,1.0
5000,06083980000,0.029501028043164745,0.9997857358337144
4402,05085020101,0.0002591689350000043,1.0
4402,05101180200,0.00023780088699999841,1.0
4402,05085020800,0.0005428483391701235,0.7428130061845721
5000,06083980100,0.023067528073999897,1.0
4402,05085020202,0.00074890494200005,1.0
5000,06083002930,0.03332415797599979,1.0
4402,05107480600,0.0003343303845339504,0.8200124647832812
5000,06083001704,0.01330260306650018,1.0
4402,05131001305,0.00041714794159761784,0.43750906438000875
1000,01069041400,0.0016928881189999445,1.0
5000,06083003007,0.01819824887150019,1.0
4402,05107480200,0.0003825918110000055,1.0
1000,01069040400,0.0008279091065000113,1.0
5000,06083002606,0.017834598098999902,1.0
5000,06083002932,0.026845614455179013,0.999973259370708
5000,06083002928,0.011626090580000024,1.0
4402,05131010202,0.000434235992690337,0.28743120751488854
5000,06083002915,0.04135152497688464,0.9998385372630824
5000,06083002926,0.021273608250000086,1.0
1000,01069040201,0.003841315975499956,1.0
4402,05131010201,0.00022891417530429957,0.35322973395629165
4402,05107480500,0.00025596905400001793,1.0
5000,06083002502,0.02981911649900026,1.0
1000,01069041200,0.0028646126164999577,1.0
1000,01069040900,0.009337804113888409,0.9996806757120021
1000,01069041600,0.0028335213874114995,0.9998209770844247
1000,01069040202,0.00024382993199998181,1.0
5000,06083001706,0.001041402872443506,0.9943937173984124
5000,06083002924,0.039009288334500514,1.0
5000,06083001604,0.011902460714999834,1.0
4402,05107480300,0.0004727823262083474,0.6034086097335191
1000,01069040500,0.004415489397999985,1.0
4402,05143010104,0.0008624916850000025,1.0
1000,01069042000,0.0002526449924999939,1.0
1000,01069040800,0.0004704001345000106,1.0
5000,06083002922,0.019287772829728607,0.999590703195451
4402,05107480400,0.00023541732099997793,1.0
5000,06083001402,0.017093286327900095,0.9996070094702829
1000,01069040600,0.0006444445059999837,1.0
4402,05143010701,0.000897371804999963,1.0
1000,01069041800,0.005539237420000014,1.0
4402,05107480100,0.00043261836435077477,0.6223988436250629
1000,01127021200,9.885974800000071e-05,1.0
1000,01069041700,0.0013458824710000008,1.0
1000,01069042100,0.00019268837100000114,1.0
5000,06083001304,0.0009911892362966575,0.9972599956875144
4402,05143010107,0.0007055601490000152,1.0
1000,01069041900,0.00025750523650000724,1.0
4402,05143010403,0.00023861092849998636,1.0
5000,06083001208,0.007661769198791588,0.9988779551953448
4402,05143010200,0.0008402863497542071,0.5917327830845163
1000,01127020800,0.0002820534581926514,0.9627104447715188
5000,06083001306,0.010095311635999733,1.0
3302,04019004719,0.07513145880492247,0.9999948422260756
4402,05143010302,0.0003352769785000014,1.0
1000,01127021400,0.0005763373224999701,1.0
3302,04019004620,0.0021057705870002135,1.0
5000,06083000302,0.01107367728250024,1.0
5000,06083000301,0.011580333963499986,1.0
3302,04019004715,0.046039689800172603,0.9997469857563053
4402,05143010702,0.00029467356899999465,1.0
5000,06083001206,0.010296940443499984,1.0
3302,04019004055,0.002943729992999967,1.0
5000,06083002005,0.0013682887109121502,0.9943546431292928
1000,01127021300,0.0005760513439999869,1.0
3302,04019004623,0.013252332298000317,1.0
5000,06083000804,0.013177398279699378,0.9986876490231417
4402,05131001002,0.00040883876599996736,1.0
3302,04019004627,0.1241460054517407,0.9989217258502193
4402,05131001301,0.0001811296629999937,1.0
4402,05131001201,0.0003215825342838189,0.934010139869169
1000,01127021000,0.0007543558095000406,1.0
4402,05131001101,0.00016838072450000777,1.0
1000,01127020700,0.0015842798159999398,1.0
1000,01127020600,0.0001996715194999689,1.0
5000,06083001000,0.012767234603999849,1.0
4402,05131001202,0.0005037357599999881,1.0
5000,06083002006,0.007817927473159805,0.999833784488495
3302,04019004316,0.0023199479844508326,0.9993101400468034
1000,01127020900,0.008539564099999758,1.0
5000,06083001102,0.05055217610700026,1.0
5000,06083002012,0.04747666435200019,1.0
3302,04019002202,0.13846097346757658,0.9993725401452583
4402,05143011200,0.016324382556999948,1.0
4402,05143010102,0.0013118351169874008,0.9420093850815785
1000,01127021600,3.144724499999495e-05,1.0
1000,01127020300,4.849628449999657e-05,1.0
4402,05143010401,0.00872623219727646,0.9854377653100207
3302,04019004329,0.010880715269999957,1.0
1000,01127020200,3.5855470499990464e-05,1.0
1000,01127021800,0.00015090241399997833,1.0
1000,01127020100,2.7152504000014222e-05,1.0
4402,05143010402,0.0028172268422948345,0.9945157809279127
3302,04019004618,0.029894750661614112,0.9989365856475757
5000,06083000600,0.008797836489282845,0.9991109816444933
5000,06083000801,0.03444059228449965,1.0
3302,04019004328,0.0023544964431851416,0.9987764434258247
4402,05143010506,0.0014791984778692127,0.9232807364576869
4402,05143010501,0.003514498157761531,0.9671364234134072
1000,01127020400,0.001767948165000014,1.0
5000,06083000900,0.012886961421499747,1.0
3302,04019004331,0.0057317806489842445,0.9996633821254174
4402,05143010510,0.01235050790632505,0.9996012809364713
3302,04019002503,0.005382443703119155,0.9995953227390437
1000,01127021900,0.0007789320670000206,1.0
3301,04019004430,0.0029271381530000147,1.0
3302,04019002501,0.007369681796999974,1.0
1000,01127021700,0.00012154952600002983,1.0
4402,05143010105,0.0023138589550985365,0.9319516159275584
5000,06083000400,0.010631045096999896,1.0
5000,06083003005,0.0006867172095000509,1.0
4402,05143011101,0.0018852759800000337,1.0
4402,05143010504,0.0031233409884999994,1.0
1000,01127021500,0.001142728245500004,1.0
5000,06083001203,0.029626834725499776,1.0
3302,04019004415,0.017144110483999813,0.9999999999999998
1000,01127021100,6.642218649998799e-05,1.0
3301,04019004619,0.0020801671134999984,1.0
1000,01073014409,0.010259364222522827,0.9559556970636223
4402,05143011102,0.0013653687386038888,0.9601086269043151
3302,04019004508,0.008922963477999904,1.0
1000,01073012914,0.00026441950900003266,1.0
5000,06083003004,0.009090613408499804,1.0
4402,05143011004,0.002777086992500033,1.0
1000,01073014412,0.006682050373915699,0.9932892974070634
3302,04019004044,0.02101542513649988,1.0
4402,05143011002,0.0017371836788766873,0.7352788701324958
1000,01073014413,0.006807406231172249,0.8832134002393104
5000,06083003001,0.009379056350499947,1.0
3301,04019002903,0.0004792220979999305,1.0
1000,01073012915,0.002013310769891427,0.8733639911742433
3302,04019002904,0.010443676476000158,1.0
1000,01073014001,0.003481970077018853,0.9072788198029601
4402,05143010106,0.0005264053094999569,1.0
1000,01073014002,0.0018646640019999816,1.0
4402,05143010507,0.00039329201303658435,0.995086386129666
5000,06083002914,0.011639530753999967,1.0
5000,06083002909,0.0011574576370000807,1.0
4402,05143011001,0.0027099450341939923,0.9988003275382126
3302,04019004714,0.007615424437000024,1.0
3301,04019004413,0.000484629759000061,1.0
4402,05131001001,0.002958184315000118,0.8674166990703518
5000,06083002913,0.0007517877315000025,1.0
1000,01073005910,0.0006803859551487236,0.9964539408123829
4402,05143011003,0.0006075684103034561,0.997659226745473
5000,06083002907,0.0047142591265000155,1.0
1000,01073011109,0.0003904643910414397,0.7544106954192006
5000,06083002906,0.007841135595500004,1.0
5000,06083001500,0.03010251848899993,1.0
1000,01073014105,0.0002459562915000183,1.0
3301,04019941000,0.00017413392350003844,1.0
4402,05143010503,0.0032048958235000526,1.0
4402,05131000800,0.0007400890153773142,0.9333234527840633
3301,04019003200,0.0038885012846194018,0.9998001776188558
4402,05143011103,0.011373890544499913,1.0
1000,01073010802,0.0015234618519999995,1.0
1000,01073011210,0.00044904161810831384,0.9949949007710605
3301,04019004407,0.0003103889030000024,1.0
3301,04019004321,5.870287200000443e-05,1.0
4402,05131000502,0.0027682560969998966,1.0
3301,04019004426,0.002643107924551767,0.9998544302985937
3301,04019004022,0.0005554459930000109,1.0
4402,05131000600,0.0008178394909999762,1.0
3301,04019004056,0.0005457080675000332,1.0
4402,05131000501,0.0007190751995000222,1.0
3302,04019004050,0.015261330611999989,1.0
5000,06083000501,0.0018003999684999914,1.0
5000,06083000700,0.023013091080500144,1.0
5000,06083000502,0.00031917382249997087,1.0
5000,06083000103,0.0036601298824999423,1.0
3301,04019000900,0.0016108120745001364,1.0
1000,01073011104,0.0002932249832625547,0.39992263446935633
4402,05131000700,0.006436229594999994,1.0
4402,05143010509,0.0010037282398075301,0.9240291582196808
1000,01073010703,0.0017341552950000147,1.0
4402,05131000400,0.002218177307367252,0.9115989411029595
1000,01073014404,0.0011575810279999088,1.0
1000,01073012907,0.0063092749985000605,1.0
5000,06083000102,0.0007163382095000213,1.0
5000,06083000200,0.0010894904799999994,1.0000000000000004
5000,06083002707,0.022723122027500032,1.0
3302,04019004428,0.009193134761935347,0.9989687289879553
4402,05143010600,0.001975709165705721,0.7443980826349625
5000,06083002708,0.007671405952002085,0.9997270886218315
5000,06083002706,0.024939317347999927,1.0
3302,04019004419,0.020266268980561292,0.9999985724606194
3302,04019004710,0.004516047110264964,0.9991308198487495
5000,06083000101,0.004742618802905853,0.9992435080527654
1000,01073010402,0.001518875437999933,1.0
5000,06083002705,0.010774275535999791,1.0
3302,04019001200,0.012347434560484209,0.9997651017671031
1000,01077011502,0.0020135003750247774,0.9949691896518357
1000,01073012908,0.00071345498797421,0.9895956496324992
1000,01073011206,0.0026583293318245705,0.9993521918637189
1000,01077011300,0.00028823539049998583,1.0
1000,01077011604,0.0012776653934999283,1.0
5000,06083001101,0.0010425846130000457,1.0
3301,04019004037,9.082520199997478e-05,1.0
3302,04019004115,0.003155359575131632,0.9996955844957398
5000,06083002809,0.0006820229949999691,1.0
1000,01077011602,0.0005172497376387322,0.9959585169728323
5000,06083002702,0.00010975278900001662,1.0
5000,06083002808,0.014553770471499852,1.0
1000,01077011801,0.0004619872869999604,1.0
1000,01077011200,0.00020018425650002148,1.0
5000,06083002802,0.004620162421499786,1.0
1000,01077011000,0.00012564182850000212,1.0
3301,04019004513,5.392200700003013e-05,1.0
3301,04019004504,5.566343449999217e-05,1.0
1000,01077011700,0.0007269466930000018,1.0
3301,04019004638,0.00028157885199999285,1.0
3302,04019004048,0.0007008824182220427,0.9972529079934289
5000,06083002703,0.009881006866500145,1.0
5000,06083002806,0.005477338881000099,1.0
3301,04019004057,4.2405904999982165e-05,1.0
5000,06083001601,0.013175824932878399,0.9994670426213621
5000,06083002604,0.0003121743179999778,1.0
1000,01077010600,0.0006033229869999945,1.0
5000,06083001800,0.008952951081500016,1.0
5000,06083002011,0.009580479544500088,1.0
3301,04019004035,7.531543250000203e-05,1.0
3302,04019004029,0.0012725525665000519,1.0
3301,04019004043,0.001450737847499984,1.0
3301,04019004049,7.658488600001038e-05,1.0
5000,06083002013,0.012678970372500162,1.0
3302,04019003504,0.0009860473965000432,1.0
1000,01077011501,0.0002000411107995559,0.9988716882143043
1000,01077010700,0.0025731490788751883,0.19912409533175782
3301,04019004325,0.003460347056479678,0.9990219223875291
1000,01073011108,0.0029252298284716326,0.8523591030342949
1000,01077011102,0.0031172277775000632,1.0
1000,01077010400,0.0002491286159134284,0.6791923565853134
3302,04019003502,0.0049759704090000315,1.0
4401,05131000300,0.0005791986929999436,1.0
4401,05143010101,0.0005117643903108388,0.6686883142636021
5000,06083002305,0.008008516100499748,1.0
5000,06083002306,0.0004080269695000735,1.0
4401,05131000200,0.0009367850540140587,0.9994497167113716
5000,06083001906,0.00424046448600005,1.0
3301,04019002801,0.0009877655749998763,1.0
1000,01073005104,0.0015646961464998587,1.0
4401,05131000100,0.0008585560264653973,0.42008189667242024
5000,06083001905,0.024325582290499904,1.0
3301,04019002702,0.0005174052299999389,1.0
4401,05131001102,0.0007763279298135665,0.6645940315561429
5000,06083001903,0.010415776567999918,1.0
4401,05131001303,0.0006729513870620983,0.43402099579132575
3301,04019410503,0.004078077967705847,0.9996890742565101
4401,05131001304,0.0001201316633048252,0.785273876568261
3301,04019003101,0.004553893346165604,0.999362594871282
1000,01073004902,0.002401350560499961,1.0
1000,01073012305,0.00476567023150003,1.0
5000,06083002404,0.0005275493615000133,1.0
3301,04019004641,0.00025288558400008646,1.0
4401,05131010102,0.0014851460699647258,0.8198558605975129
3302,04019004640,0.00035837330164458485,0.9965115635828831
4401,05131010101,0.001363309628899945,0.4703104236221348
4401,05131001302,0.0002112316845000201,1.0
5000,06083001901,0.012558924170500321,1.0
4401,05111490400,0.00011742124250000593,1.0
5000,06083002101,0.0009014693095000189,1.0
1000,01073005103,0.002791281990000035,1.0
3302,04019004646,0.004766914767999909,1.0
3302,04019004645,0.008716685734999926,1.0
1000,01073004901,0.0029190375324999705,1.0
3302,04019004644,0.006824449630462361,0.9999914305856293
4401,05131010301,8.722065000000206e-05,1.0
4401,05131010302,7.07856725000137e-05,1.0
5000,06083002403,0.0002707035270000351,1.0
5000,06083002304,0.00017155493699996176,1.0
4401,05111490300,9.350126182927056e-05,0.9999676253272537
1000,01073005909,0.005903879582866086,0.9950428981001438
1000,01073005907,0.0021395697149999993,1.0
1000,01073012304,0.0015433000195000906,1.0
5000,06083002303,0.005847585020000184,1.0
1000,01073014204,0.0009893990329999632,1.0
1000,01073014301,0.0030789043681819146,0.7298190536086305
4401,05111490100,0.0027408525414997715,0.6520583617140883
3302,04019004431,0.022364407308529892,0.9996070497105083
4401,05111490700,6.420218749998345e-05,1.0
1000,01073002200,0.0051695186959999475,1.0
1000,01073014405,0.004423307050999956,1.0
1000,01073010002,0.0005170836735000093,1.0
1000,01073013300,0.0006105216254295106,0.995107510731805
1000,01073014104,0.0012353893132970187,0.997616615064417
5000,06083002205,6.813835400000514e-05,1.0
5000,06083002209,0.014711685401477149,0.9999643546395228
5000,06083002210,0.00015261088549999903,1.0
5000,06083002206,0.00020243013900000877,1.0
1000,01073014102,0.0006490444684999787,1.0
5000,06083002211,0.00019630844699997777,1.0
4401,05111490500,0.00022253777049999242,1.0
3302,04019004424,0.0649454593179532,0.9988053355026894
4401,05111490600,0.004348052911420185,0.6978990967252077
3302,04019004332,8.668383399998676e-05,1.0
3302,04019004423,0.000278257491,1.0
3302,04019004422,0.018335242294761894,0.999864889132952
5000,06025011700,6.136165749999802e-05,1.0
1000,01073005800,0.00022920928450002997,1.0
4401,05111490200,0.0002594688594999642,1.0
3302,04019004327,0.004257402018314832,0.9986729781521503
5000,06025011802,0.0002701077409999517,1.0
4402,05081030102,0.0010818748274999904,1.0
4401,05013480200,0.002193569300132683,0.8847717069109403
3302,04019004114,0.0009125777359999457,1.0
1000,01077010900,0.0002981630979999979,1.0
3301,04019002604,0.0018391017270975318,0.9978367962459831
3302,04019004031,0.00012112279298952375,0.9787901421841654
4402,05081030300,0.000996700065999925,1.0
1000,01077010800,0.0009862607449999707,1.0
3302,04019004116,0.004357363394171084,0.9985386683349267
5000,06025011600,5.221887500001586e-05,1.0
5000,06025011500,0.0006872830114999923,1.0
4402,05053470400,0.006965741575726625,0.9998534709936132
4401,05013480100,0.00041997044414668073,0.9997890835702163
1000,01077010300,0.0161745747875404,0.9990529497149503
3302,04019004054,0.0019542372574998744,1.0
5000,06025011803,0.00043312994700001105,1.0
4401,05027950500,0.0016732386886414551,0.8384433499503133
1000,01077010200,0.00539408471250014,1.0
4401,05027950400,0.0009435925539350555,0.9153105277114627
4402,05081030200,0.00810274427943873,0.9994716564090402
1000,01077011400,0.005158772041991069,0.9995971575253672
3301,04019003400,0.00027380026800001713,1.0
5000,06025010400,0.015157925952000053,1.0
4401,05081030101,0.0004328828380000101,1.0
5000,06025011400,0.0020968339234999963,1.0
4401,05027950200,8.49781251999866e-05,0.6175572006353389
4401,05027950100,0.00043116175100513807,0.9961863334457138
1000,01077010100,0.011705424091000022,1.0
5000,06025010500,0.03905176054700027,1.0
5000,06025010300,0.01143280193599992,1.0
4401,05027950300,3.4054727999989586e-05,1.0
1000,01103005701,0.004690767640499961,1.0
3301,04019004051,0.00020086538399994374,1.0
5000,06053014700,0.021317656815999758,1.0
5000,06053990000,0.01324638768600037,1.0
5000,06025010101,0.03319550071200003,1.0
5000,06025012001,0.018704973240999904,1.0
5000,06025012002,0.023080214784500105,1.0
4402,05005950200,0.00013200327649999434,1.0
4402,05005950100,6.925756600000907e-05,1.0
4401,05053470200,8.357234449998708e-05,1.0
1000,01073012401,0.009027824187000011,1.0
3302,04019004120,0.0003258821539999712,1.0
4401,05121960301,8.897416349995913e-05,1.0
3302,04019004113,0.0003113093630000883,1.0
5000,06025010200,0.0330300526908928,0.9991436273588522
4401,05053470100,0.00010445338899999439,1.0
1000,01089001401,0.0031887943659999916,1.0
5000,06025940000,0.0018253641107522443,0.9950833858410743
1000,01073001200,0.00939355071259759,0.9988864309253316
5000,06025012302,0.00641782154199986,1.0
4401,05053470300,8.11925609999829e-05,1.0
1000,01073010602,0.004772687336999977,1.0
4401,05121960302,0.000585550660000031,1.0
5000,06025010102,0.024269758051313556,0.9994650758857552
4401,05121960100,0.0008388258409999902,1.0
1000,01089003100,0.004702358432500166,1.0
1000,01073003500,0.006588680762000068,1.0
5000,06025011000,0.007922493866999744,1.0
3302,04019004119,0.0005931228265000598,1.0
3302,04019004066,0.0008872044286329436,0.9974502604119443
3302,04019004065,0.0003371473300000157,1.0
4402,05005950700,0.00022479382326027808,0.4936456333271257
5000,06025010900,0.012605530103999833,1.0
1000,01073014302,0.012763293623020353,0.938212691171443
5000,06025011801,0.0021955062444999215,1.0
1000,01073014203,0.0030694137469999753,1.0
5000,06025012301,0.038145517258999645,1.0
4402,05105952700,0.00014739299439932944,0.755752873171396
1000,01073010001,0.011003232931000004,1.0
4401,05121960200,0.00011915857499995233,1.0
4402,05105952900,0.00022395698849995808,1.0
3301,04019004073,5.687876849998183e-05,1.0
1000,01073013100,0.010038677577499917,1.0
3301,04019004074,0.0003215321520000539,1.0
5000,06025011202,0.012232591253499861,1.0
1000,01073012701,0.012476593242999951,1.0
4402,05105952800,0.0001529231588918513,0.999850547869056
3302,04019004064,0.0012044864886761322,0.9999801518327449
3302,04019004063,0.000446291060500004,1.0
5000,06025011201,0.00015125489350000667,1.0
5000,06025011300,0.03614697043381014,0.9994330445034931
1000,01103005106,0.00801614977956793,0.9999993094654559
4401,05005950300,0.001243276408892743,0.7267861921143021
4401,05005950400,0.00030433404943346374,0.8180679377646024
3301,04019410501,0.00013837569699996782,1.0
4402,05021950500,9.595727249999996e-05,1.0
4402,05021950400,0.0002665564374999914,1.0
3302,04019004062,0.0029833118633461543,0.998027299265467
1000,01103005107,0.00208019827349998,1.0
3301,04019004429,5.49429940000119e-05,1.0
5000,06025011100,0.027288879591000147,1.0
4401,05005950800,0.00018634273518152534,0.8871195152107496
3301,04019004634,0.00016606467850000626,1.0
4401,05005950600,0.00020959835210145416,0.5236113512041596
5000,06025012400,0.000512656497500035,1.0
1000,01103005702,0.0018462987530000047,1.0
5000,06025012200,0.005198457937134484,0.9919468247288823
4402,05021950600,0.0002491041054999973,1.0
3301,04019003501,5.807424250000694e-05,1.0
4401,05005950900,0.00023451138479361453,0.9555876457333687
1000,01103005108,0.00898444930776184,0.9992296230082741
4401,05005950500,0.00011288878800001239,1.0
5000,06025012100,0.02294051673780196,0.9999458551019469
5000,06025011900,0.011059258910019925,0.9998564733730554
4402,05021950100,0.00022381383200003048,1.0
5000,06025010800,0.014165421862500414,1.0
4402,05021950300,0.00022518723334547297,0.9919426032709121
3301,04019003304,0.00022366158249995002,1.0
3302,04019410502,0.0004844036854999788,1.0
3301,04019001600,0.00023263753649998712,1.0
5000,06025010700,0.003961291165353264,0.999767304506142
3301,04019002803,0.00017529655400004148,1.0
3301,04019004510,0.002771624602437946,0.9998457970655837
1000,01103005404,0.0032927953719999775,1.0
1000,01103005109,0.0013039942405000129,1.0
5000,06053014800,0.006379000562852776,0.9992606094589424
5000,06053014500,0.011859430520000094,1.0
1000,01089003000,0.011532003467999909,1.0
1000,01103005304,0.012620879663999812,1.0
1000,01103005405,0.018338405836936255,0.9998997822450818
5000,06025010600,0.005685510825522574,0.9991894790941388
1000,01089010624,0.00044923676350001684,1.0
3301,04019940800,0.001438281025999893,1.0
1000,01089010623,0.0003530412969999935,1.0
4402,05015950100,0.0005498759710000224,1.0
5000,06053011203,0.00018750282299992944,1.0
1000,01089001302,0.0001948241030000035,1.0
4402,05023480501,0.0002962485054999858,1.0
5000,06053010607,0.01027263524300003,1.0
5000,06053014201,0.01302999608294586,0.9989329321571803
1000,01073000700,0.00011479514450002677,1.0
4402,05023480201,0.0002847477305000296,1.0
4401,05021950200,0.0003035161450719511,0.5191830641591931
3302,04019004421,0.00156362788669203,0.9994797139241023
1000,01073012402,0.0017943868999999656,1.0
1000,01073000400,0.005621136737500029,1.0
4402,05023480202,0.0028910210369999653,1.0
5000,06053011801,0.012911030565608035,0.9984064425486023
4401,05015950300,0.0008859175046859258,0.778807181458012
1000,01073011703,0.005465919013999986,1.0
3302,04019004425,0.00042181483950001286,1.0
5000,06053012502,0.005584510458999785,1.0000000000000002
5000,06053014104,0.01270701480254435,0.9992326599649973
1000,01073001400,4.327365949997931e-05,1.0
3302,04019004324,0.00036362194250000573,1.0
5000,06053014202,0.0008678431089999399,1.0
4402,05023480502,0.0003609560069999755,1.0
1000,01073001500,3.351271000000253e-05,1.0
4402,05023480100,0.0004317030154999767,1.0
4402,05023480400,0.00040995035100002014,1.0
4401,05015950200,0.005331061389281164,0.9563389904521628
5000,06053011304,0.005193006101000106,1.0
1000,01073003100,5.1262277999990485e-05,1.0
1000,01073001600,0.000697147863999996,1.0
5000,06053011802,0.02454309264949994,1.0
1000,01103005302,4.35302620000202e-05,1.0
5000,06053011204,0.02677812879650046,1.0
5000,06053011303,0.012328381981205564,0.9993818804393226
3302,04019004326,0.028169338591499987,1.0
3302,04019004330,0.00011714670999998428,1.0
4401,05015950500,0.0006045315864999772,1.0
1000,01103005303,0.00024014689049999048,1.0
1000,01103005301,5.5896879499990016e-05,1.0
1000,01103000900,0.0008384682700000284,1.0
5000,06053011604,0.023116313107000113,1.0
4401,05015950400,0.002106772660606164,0.9966612555277654
1000,01103005600,0.0002670666530000086,1.0
1000,01103005500,0.0016374155121555438,0.9968962932848703
1000,01103000800,0.0007274251955000016,1.0
5000,06053011502,0.018808275815589963,0.996750729838821
3302,04019004323,0.0004703157824999767,1.0
1000,01103000400,0.00020961864200001314,1.0
1000,01103000300,0.00036429489400000166,1.0
5000,06053011602,0.013992346835999798,1.0
5000,06053011101,0.048037015610000226,1.0
1000,01103005103,4.7087633000004116e-05,1.0
1000,01089010701,5.354300049999886e-05,1.0
1000,01089011012,8.615794049998717e-05,1.0
3302,04019004071,0.04474135070199994,1.0
5000,06053010505,0.032669871956843316,0.9999028129478754
3302,04019004072,0.024095976172920523,0.999305814891601
3301,04019004334,0.0033082768800000786,1.0
1000,01089010401,0.00010841410250000216,1.0
3302,04019002201,0.0210094898077773,0.9996447446455139
1000,01089001301,6.907858349999931e-05,1.0
1000,01089010100,0.00047513524100002995,1.0
3302,04019470500,0.006463319884685494,0.9984369731742361
4401,05023480300,0.000807608626500038,1.0
3301,04019004333,0.005000349651499946,1.0
5000,06053014601,0.04536553733131954,0.9995704003467676
3302,04019004726,0.003773009249999947,1.0
3301,04019004122,0.010795405651999887,1.0
1000,01089010200,0.0003063750254999935,1.0
4401,05109953400,0.003463548147119535,0.9975374392098988
4401,05109953500,0.001962981616867167,0.9990998923325298
3302,04019470400,0.011418261871500092,1.0
5000,06053000701,0.009192388880506261,0.9996922418530306
4401,05025970100,0.00053266774150786,0.9979629223023416
3302,04019003004,0.0020009923904999757,1.0
3301,04019002300,0.018052518281000303,1.0
3301,04019004025,0.001043184686000038,1.0
3301,04019004639,0.009854075579328844,0.9962355454414641
4401,05109953300,0.0008081806930000168,1.0
3302,04019002802,0.00027824031550000944,1.0
5000,06053980000,0.05153384220249997,1.0
1000,01089011400,0.00039135345799997875,1.0
1000,01089002922,0.0001044425930000117,1.0
3301,04019000800,0.009279964388499904,1.0
1000,01089011300,0.0002645943615000371,1.0
1000,01089011200,5.097232799999744e-05,1.0
3301,04019004625,0.002348099796344355,0.9918703642785921
4401,05025970200,0.0003599521844917225,0.9928031147197581
3301,04019004030,0.013926840711500197,0.9999994762274986
1000,01089011011,0.0002647023670000175,1.0
3301,04019004317,0.003301232095593144,0.9871990595241961
4401,05079960600,0.00019088244450003074,1.0
3302,04019002400,0.011370265362374548,0.9999768551105793
3301,04019004721,0.001755551935500089,1.0
3302,04019003503,0.0027999774360000155,1.0
3302,04019000500,0.0018612394769999172,1.0
5000,06053000501,0.02755531571799981,1.0
4401,05079960500,0.0003913467705000724,1.0
5000,06053000502,0.007808206623840137,0.999043536300279
5000,06053001802,0.0012494063720000336,1.0
1000,01089010301,0.0006027555079999724,1.0
5000,06005000304,0.013210407561000215,1.0
3301,04019004712,0.0018345504539301937,0.9989868781507553
1000,01089011014,9.817237850001725e-05,1.0
3302,04019003102,0.010903361289000008,1.0
1000,01089010402,0.0005812916001375251,0.9897650626674681
1000,01089011022,0.00018663826000000992,1.0
1000,01089002911,7.785076749999026e-05,1.0
4401,05079960300,0.00033162948300001434,1.0
3301,04019004724,0.0003590744525000015,1.0
3302,04019004725,0.012948180549000153,1.0
5000,06005000303,0.022914435183000265,1.0
4401,05079960400,0.000508592833546871,0.9992113595478741
5000,06005000101,0.008655942010492246,0.9977984639180765
4401,05123960400,0.0004171394829999986,1.0
4402,05017080400,0.009304292552517298,0.9987604111351399
3302,04019004642,0.010459740836517229,0.9955397734663486
1000,01073000800,0.0003048243515000026,1.0
1000,01073003600,0.00020037658649999556,1.0
4401,05123960500,0.00040497188851384644,0.9983574598179904
3301,04019004061,0.0006256987874356775,0.993654522051213
3301,04019940900,0.0004357789859999658,1.0
4402,05017080200,0.01455635271460765,0.9999096575493878
4402,05017080100,0.00665444891183553,0.9998352105570308
3301,04019001700,0.0008273865524999145,1.0
1000,01073003001,0.00013472036200000835,1.0
4401,05123960300,0.00041914021884906645,0.9980631594846238
4401,05123960600,0.0007673200093193155,0.9415568616250631
4402,05091020100,0.00015868059763503078,0.9996247272157586
3301,04019004052,0.002752585229999774,1.0
3302,04019004511,0.015814742063966415,0.999856774200931
5000,06005000102,0.02596967200450018,1.0
4402,05091020802,0.00019926580599999866,1.0
3301,04019001400,0.00043925231000000933,1.0
1000,01073003700,0.00044070287099998054,1.0
3301,04019000400,0.0012166080462429193,0.9888441397868843
4402,05091020600,0.003990221321241829,0.9999640832928437
1000,01073003200,0.00045714144253247013,0.9889442466082906
4401,05123960200,0.0002980531713168886,0.35808714078159964
5000,06005000500,0.013313074737551842,0.9997520213666465
4401,05123960100,0.0003051540084999908,1.0
4402,05091020200,0.0010929535577268684,0.9976023554774683
3301,04017963400,0.0034169748969999376,1.0
5000,06005000402,0.01233780882255699,0.9997068902831734
4402,05091020500,0.0005461277924999843,1.0
1000,01073003400,0.00048414767200000066,1.0
4402,05091020400,0.0003910342724999999,1.0
4402,05091020900,0.0008019275895000074,1.0
4401,05017080300,0.00021757884850002635,1.0
1000,01073011705,0.0011619871965655442,0.9940208542539749
5000,06005000401,0.012112964769999233,1.0
5000,06053001801,0.013745982119000091,1.0
4402,05119001501,0.0003316286393145058,0.997498839720529
1000,01073003300,0.00020560707700000773,1.0
5000,06005000301,0.06718929435456755,0.9999159506614551
3301,04017965300,0.014754356894409633,0.9998558128070807
1000,01103000700,0.0017886889579999926,1.0
3301,04017964800,0.0021563053854615245,0.9903086910210573
1000,01103005101,0.00032131465649999153,1.0
3301,04017962500,0.0005952100955000409,1.0
1000,01103001000,0.0005396946379999672,1.0
3301,04017964201,0.0004614316424999681,1.0
5000,06053000702,0.0004903347324999876,1.0
5000,06053010506,0.0025552199675000806,1.0
5000,06005000200,0.024901070890936794,0.9997738784775726
1000,01103000200,0.00024484506200001557,1.0
5000,06053014105,0.002739854446499984,1.0
1000,01089002701,0.0001286197270000078,1.0
1000,01089002801,0.0003677862770000239,1.0
1000,01103000600,0.00018559404949996692,1.0
1000,01103005105,0.002020459854539904,0.987323737396519
5000,06053010608,0.006338183592134731,0.9990633213517995
3301,04017965200,0.0016369584025000812,1.0
5000,06053014107,0.012143770297975922,0.9999367108517557
1000,01089002600,0.0004513275369999798,1.0
1000,01089002721,0.0022869824315000465,1.0
5000,06053010306,0.02838974220200027,1.0
1000,01089002502,0.00010107930599999394,1.0
1000,01089002400,0.0005370384070000262,1.0
5000,06053010606,0.01280178637980862,0.9940425192387816
4401,05119002104,0.0026694701860000597,1.0
4402,05119003305,5.044604100001304e-05,1.0
4402,05119004221,8.994145249999829e-05,1.0
5000,06053010804,0.022676652692499896,1.0
5000,06053010702,0.011778320607000063,1.0
5000,06053011400,0.012778762601455669,0.9988983338840928
1000,01073005500,0.00019938435299997472,1.0
5000,06053010701,0.0010043146855000541,1.0
4401,05091021000,0.0012329014690000072,1.0
4401,05119003713,0.00027457379949997985,1.0
4401,05119003205,0.00017859990806432937,0.9977510398664506
1000,01073012104,0.00015702603250002085,1.0
4401,05119003712,0.00032102947550001585,1.0
1000,01073012001,0.00040096431650002044,1.0
1000,01073001100,0.0003382822110000039,1.0
1000,01073012002,0.00016555580699998342,1.0
4401,05119003208,0.00031322955151129886,0.9986402876298686
1000,01073012500,0.00026490810499999026,1.0
1000,01073012403,0.00014978698299999386,1.0
4401,05119003706,0.00017323756967217117,0.9923548206086592
4401,05119003711,0.001262872586942856,0.9987086864321225
1000,01073011600,0.00015770815550000342,1.0
4401,05119004800,9.796744899997832e-05,1.0
4401,05119003306,0.00021061894400000716,1.0
4401,05119004900,0.005112182881714843,0.9997863090349726
1000,01073011704,0.00016953357300000717,1.0
3302,04017963700,0.005849431337149393,0.9992583712077134
1000,01073013901,0.0020330316866390423,0.9961491930369448
3302,04017940010,0.023487968053000147,1.0
1000,01073011400,0.0011733347110073561,0.9937062622149871
1000,01073011500,0.0002698868505896243,0.9601398755721755
3301,04019004070,0.0037466654190458186,0.9977338835697328
4401,05119004220,0.00022184818941248648,0.996540560661569
1000,01073012200,0.00034146011800001024,1.0
1000,01073012103,0.004171758838265926,0.991918199740068
3302,04017940008,0.00463780330100857,0.9996658156304682
3302,04017940301,0.007293765030000205,1.0
3302,04017940011,0.012975367553999924,0.9999145646335293
3302,04017940012,0.03368094844750021,1.0
3302,04017940013,0.006064103948500109,1.0
4401,05119003002,0.000328865072499963,1.0
3302,04017940302,0.00048141103549997297,1.0
4401,05119004306,8.555176100001497e-05,1.0
4401,05119003001,0.00016958031999997954,1.0
1000,01019955701,0.00032151296399999906,1.0
1000,01073012302,0.0003674347938017982,0.9427027732053906
4402,05119004104,0.00021267229799999668,0.6780524374492527
1000,01019956100,0.0004082186520702863,0.8107999942107655
3302,04017961700,0.0003201415339998922,1.0
4401,05119004212,4.502259818045994e-05,0.9974459409286343
4401,05119004305,0.00011315292150000635,1.0
1000,01073002100,0.0002540773705000066,1.0
1000,01019955800,0.00033164488779502936,0.80611234989083
4401,05119004213,6.478132250003727e-05,1.0
1000,01019955702,0.0002520905049999873,1.0
4401,05119004218,0.00012737126749999152,1.0
4401,05119002206,0.0005827294579999701,1.0
3302,04017940015,0.0004097377045000028,1.0
3302,04017964900,9.180562100001978e-05,1.0
4401,05119004214,3.911399949999745e-05,1.0
4401,05119002002,5.2236718500030955e-05,1.0
3302,04017940014,0.0039011403775002147,1.0
1000,01103000100,0.00017568257300002859,1.0
3301,04019004320,0.0011385330925000766,1.0
4401,05119004215,9.716542490136553e-05,0.9908723318402961
4401,05119002403,0.00011702607775159797,0.9899290963658421
3302,04017963800,0.0018048104970000652,1.0
1000,01019955900,0.006742531153500154,1.0
1000,01019956000,0.0002141026965000155,1.0
4401,05119003100,0.00017501196493440645,0.999997665504557
4401,05119002405,8.05921484999898e-05,1.0
3302,04017963300,0.0003523297184999287,1.0
4401,05119001900,0.00012650248349998087,1.0
3302,04017964202,0.005664616120999935,1.0
4401,05039970200,0.00010375462700003125,1.0
1000,01103005200,0.0013745853479999878,1.0
3302,04017942400,0.008980735813938741,0.9999595739267823
4401,05039970300,0.00019619798699998812,1.0
3302,04017942500,0.027171650408370118,0.9999118020543298
3302,04019004117,0.003745565322332688,0.9999672539015599
3302,04017961300,0.009886096471999948,1.0
3301,04019004412,0.005838846861149383,0.9998336403139879
4401,05039970100,0.00013066401400003313,1.0
3301,04019004404,0.0013376236784999674,1.0
3302,04019004068,0.01295258144299982,1.0
3301,04017960600,0.008747237322568784,0.9997173352290021
3301,04019004411,0.004854218544500167,1.0
3302,04019004069,0.012821394721999928,1.0
4401,05119001300,0.00010585067599995733,1.0
4401,05119004104,0.00010097939950004157,0.321947562550747
4401,05119003707,0.00010004511949999547,1.0
3301,04017960500,0.00744258636550011,1.0
3302,04019004067,0.013419656503526249,0.9997357962191938
4401,05119004103,0.00020003359599995679,1.0
3301,04019940600,0.008205241324000107,1.0
4402,05119002102,4.883236549998316e-05,1.0
4402,05119003304,6.429267351214731e-05,0.9999711952479742
4401,05119004007,0.00020975939961181714,0.9992772422339592
3301,04017960400,0.003398821880499854,1.0
4401,05119004105,9.622987700000571e-05,1.0
3302,04019004046,0.006578624235499782,1.0
4402,05119003202,0.00010628040322396793,0.7388816802898319
4402,05119001502,5.365300050000736e-05,1.0
3302,04019003707,0.0073599411994998915,1.0
4402,05119004302,4.93917019999965e-05,1.0
4401,05119001600,0.0002392505115000067,1.0
3301,04017942300,0.003371104204692787,0.9999594155961504
3301,04019003706,0.0006089778225000275,1.0
3301,04017940100,0.0024481382784998984,1.0
3302,04019004716,0.0242894683044999,1.0
3302,04019004512,0.006930206581180338,0.9998840390096276
4401,05119003608,0.00043243970653560906,0.9946569984876548
4402,05119004108,3.937414499998297e-05,0.6523843230373692
3302,04019004310,0.008387550250861686,0.9988849439875397
4401,05119001100,8.925845100000498e-05,1.0
3302,04019004717,0.0028345303149998704,1.0
3302,04019004505,0.0007776480945000207,1.0
3301,04019003303,0.0006091901299999888,1.0
3302,04019000100,0.0015895854930000075,1.0
3301,04019003003,0.002873076361000078,1.0
4401,05119003703,6.495178200001701e-05,0.9285399399533263
3301,04019002905,0.007506432389500035,1.0
4401,05119004106,0.0002793418937239988,0.92291304497383
4401,05119000200,0.000120053972512126,0.9993250347715785
3302,04019004636,0.005308980292546403,0.999930166144717
3302,04019004311,0.002021735105499949,1.0
4401,05119000500,6.335529299997166e-05,1.0
3301,04019002603,0.004422984176000062,1.0
4402,05119003704,5.694800349108163e-05,0.895570456880751
3301,04019001802,0.004969938963999759,1.0
3301,04019002703,0.0023048188040000403,1.0
3301,04019000700,0.005699289478093395,0.9991420901511702
3301,04019000600,0.003573648327999963,1.0
3301,04019001000,0.005962529653000116,1.0
4402,05119004202,8.816789399999809e-05,1.0
4402,05119004004,0.0001225224615000019,1.0
4401,05119003202,3.755913977604039e-05,0.2611183197101657
3301,04019000300,0.0037828448264999523,1.0
3302,04019004647,0.0032172850240269617,0.9978353325210934
3301,04019001500,0.0011001383970000358,1.0
4402,05119004205,0.0001282174129682794,0.9999631496420285
4402,05119003303,0.0001332370171911519,0.9997701557031504
3302,04019004032,0.0019497695360001304,1.0
4402,05119002203,2.6566881000013843e-05,0.21803752048849162
4402,05001480400,1.5708911500003086e-05,0.11984956395540729
3301,04019004053,0.003417332709311646,0.9999996245060461
4401,05119001200,0.006302894694160829,0.8997344812863503
3302,04017960200,0.014957825334091861,0.9998019482770496
3301,04019004418,0.023689895861499697,1.0
4401,05119002900,0.0001233845110061706,0.4532046394041577
3302,04017960100,0.008625990094909834,0.9995442268817318
3301,04019004109,0.013878930309573084,0.9999225396250844
4401,05119003704,6.640520508950203e-06,0.10442954311923985
4401,05119004108,2.098007199999785e-05,0.34761567696263074
4402,05001480100,0.004718658275999991,1.0
3301,04019004610,0.002870008355341897,0.9999253304769521
3301,04019004427,0.00399052613596012,0.9688094323072828
3301,04019004633,0.003022187009762882,0.9961506751563302
3301,04019004307,0.00027088130281190706,0.9762521598615189
4402,05001480800,0.010647773059500067,1.0
4401,05119004107,9.422582649107262e-05,0.9613114776236217
3301,04019003600,0.00011125234600002418,1.0
3301,04019001801,0.00032749328173234686,0.989330731980664
3301,04019001304,0.012652522130180408,0.9998339421702417
4401,05001480500,0.00018460814423743756,0.9858160530850595
3301,04019001303,0.009295066470499894,0.9980754083097739
3301,04019004614,0.016984098268026125,0.9998844645617575
3301,04019004034,0.011051243049297992,0.6978542682796937
3301,04019000200,0.008598508826499872,1.0
4401,05119002203,9.52785744999999e-05,0.7819624795115083
4401,05119002204,7.190445815947326e-05,0.9966132311509163
4401,05001480400,0.00011536300050000993,0.8801504360445921
3301,04019002901,0.0018339266679999182,1.0
3301,04019001100,0.0004398392395000227,1.0
4401,05001480700,0.0004704705764999434,1.0
4401,05001480600,9.010373600000748e-05,1.0
3301,04019004313,0.0026211075844999317,1.0
3301,04019004026,0.007056589932515267,0.9995360155320002
4401,05001480300,7.469956200000618e-05,1.0
3301,04019002506,0.014345024229882316,0.999779368642166
3301,04019002504,0.0027752080969999766,1.0
4401,05035030703,0.0023484350410159114,0.9996783628475867
4401,05035030807,0.0023885627420002766,0.9998967939794776
4401,05001480200,0.00017114605049993594,1.0
3301,04019004624,0.003446610301103434,0.9979131631435059
3301,04019004621,0.009777782913000185,1.0
4401,05061950300,0.00014876660444172588,0.9998412962989304
3301,04019004036,0.0010753566659292895,0.9092709699869763
3301,04019004110,0.0057164913385000455,1.0
4401,05035030202,0.0023860639782073514,0.9994844437261379
4401,05035031200,0.0006739352328700611,0.9968472450831247
4401,05061950100,0.0001934227120000062,1.0
4401,05061950200,0.000139558283500021,1.0
4401,05139950100,6.226393099998426e-05,1.0
3301,04019004628,0.0038154741041546477,0.45215993538747035
3301,04019004042,0.00503910258013778,0.9999396119685702
4401,05139951000,0.00035568834700000214,1.0
3302,04019004034,0.004784789703701927,0.30214573172030895
3301,04019004010,0.004123437867999978,1.0
3301,04019004011,0.005031021122500009,1.0
3301,04019003302,0.000784941170012392,0.951919148362263
3301,04019001900,0.002035369009086156,0.9995371450282657
3301,04019004038,0.0017683788018054791,0.9840130831556851
3301,04019002505,0.0003643785416518231,0.899168664191322
3301,04019004632,0.00024986290349035637,0.8164175148241644
3301,04019004033,0.00030026875212350385,0.8213544378986083
3301,04019002701,0.0018695708714619032,0.9998239996563447
3301,04019003702,0.004033139892500045,1.0
3301,04019004615,0.002115003661359401,0.9996522905103553
3301,04019004058,0.00042195959450001884,1.0
3301,04019004047,0.001148581049022877,0.9974943711008796
3301,04019004722,0.002504071885795887,0.9997468069350497
3301,04019003802,0.000978794274175892,0.9984157734521293
3301,04019003902,0.0015408087179999896,1.0
3301,04019004112,0.0013852157695000073,1.0
3301,04019004616,0.0016499999630000043,1.0
3301,04019001302,0.0009598020327773212,0.9995512805079826
3301,04019004622,0.007367100614177368,0.9995810851388311
3302,04019004718,0.002466379789500015,0.9992188466491128
3302,04019004635,0.0009444140790000077,1.0
3301,04019004039,0.0012060204660000002,1.0
3301,04019003704,0.00038293115150000426,1.0
3301,04019004617,0.0007097914669999712,1.0
3302,04019002602,0.0009465166351876785,0.9989510714591989
3302,04019003705,0.001532552664689489,0.9988641920645203
3301,04019003903,0.0015381081319998365,1.0
3302,04019004322,0.0036584780640000823,1.0
3301,04019004626,0.06651076769706246,0.9998853102176479
3301,04019004713,0.01958726678350337,0.9988341897133362
3302,04019004613,0.0042777579996535805,0.998589875532212
3302,04019004107,0.0014718678639999247,1.0
3301,04019004506,0.028609146477290664,0.9986615202778112
3301,04019004643,0.019294169062435994,0.9997307699214135
3301,04019003801,0.008893675887885795,0.9998372984733477
3301,04012980000,0.021578673363304872,0.9997524434498363
3301,04012020202,0.02186648073700031,1.0
3301,04019002100,0.047563838189965756,0.9998977259688944
3301,04012020502,0.0168768690980001,1.0
3301,04012020201,0.014448238020000212,1.0
3301,04019004711,0.02250247428467238,0.9997902647859279
3301,04027011600,0.015215667565658595,0.4501917125556699
3302,04019003901,0.02658980324700025,1.0
3302,04019004720,0.010881964493610858,0.9964146299381978
3302,04019004630,0.003459812329082024,0.9986150201938416
3302,04019004723,0.027593374730075407,0.9995664242931074
3302,04019004631,0.002854382546500001,1.0
3302,04019003002,0.031593617655499756,1.0
3302,04019002000,0.02954854271300005,1.0
3302,04019940700,0.012552426396999902,1.0
3302,04019004414,0.006362560711647754,0.9999246486209221
3302,04019004312,0.007253688606500121,1.0
3302,04012020501,0.031470180717499824,1.0
3302,04012940300,0.045516142231499725,1.0
3302,04012020100,0.05079587242649985,1.0
3302,04027000100,0.012640228717522642,0.9995291608574064
3302,04027011501,0.015908164855499805,1.0
3302,04012940200,0.013696736358555917,0.9996340254250433
3302,04012020602,0.05172836102480442,0.9993721885315274
3302,04027011600,0.018582528050341475,0.5498082874443309
3302,04007000302,0.04621276465231617,0.9999607814828767
3302,04007000100,0.0014258274014980284,0.9879688391304265
3302,04007000600,0.012445246728000061,1.0
3302,04007000400,0.015150855623497602,0.9991934717481432
3302,04007001300,0.005262030430771531,0.998945734159855
3302,04007000800,0.09021547184926673,0.999518251654486
3302,04007000700,0.006669334891011415,0.9994846386822654
3302,04007000301,0.013089721458177305,0.9989676154157969
3302,04007940400,0.008303986008655246,0.9997972024811734
3302,04007000500,0.015801383080346502,0.999249855615964
3302,04007000200,0.03761653709916537,0.9984567857866163
